Compound,x_Zn,T_K,dHf_static_eV,dGf_eV_per_atom
MgZn2,0.666667,0.0,-0.1064,-0.167484
MgZn2,0.666667,10.0,-0.1064,-0.167484
MgZn2,0.666667,20.0,-0.1064,-0.167484
MgZn2,0.666667,30.0,-0.1064,-0.167485
MgZn2,0.666667,40.0,-0.1064,-0.167486
MgZn2,0.666667,50.0,-0.1064,-0.16749
MgZn2,0.666667,60.0,-0.1064,-0.167498
MgZn2,0.666667,70.0,-0.1064,-0.167513
MgZn2,0.666667,80.0,-0.1064,-0.167538
MgZn2,0.666667,90.0,-0.1064,-0.167576
MgZn2,0.666667,100.0,-0.1064,-0.16763
MgZn2,0.666667,110.0,-0.1064,-0.167702
MgZn2,0.666667,120.0,-0.1064,-0.167794
MgZn2,0.666667,130.0,-0.1064,-0.167909
MgZn2,0.666667,140.0,-0.1064,-0.168047
MgZn2,0.666667,150.0,-0.1064,-0.16821
MgZn2,0.666667,160.0,-0.1064,-0.168398
MgZn2,0.666667,170.0,-0.1064,-0.168613
MgZn2,0.666667,180.0,-0.1064,-0.168854
MgZn2,0.666667,190.0,-0.1064,-0.169121
MgZn2,0.666667,200.0,-0.1064,-0.169416
MgZn2,0.666667,210.0,-0.1064,-0.169736
MgZn2,0.666667,220.0,-0.1064,-0.170083
MgZn2,0.666667,230.0,-0.1064,-0.170456
MgZn2,0.666667,240.0,-0.1064,-0.170854
MgZn2,0.666667,250.0,-0.1064,-0.171278
MgZn2,0.666667,260.0,-0.1064,-0.171725
MgZn2,0.666667,270.0,-0.1064,-0.172197
MgZn2,0.666667,280.0,-0.1064,-0.172691
MgZn2,0.666667,290.0,-0.1064,-0.173208
MgZn2,0.666667,300.0,-0.1064,-0.173747
MgZn2,0.666667,310.0,-0.1064,-0.174308
MgZn2,0.666667,320.0,-0.1064,-0.174888
MgZn2,0.666667,330.0,-0.1064,-0.175489
MgZn2,0.666667,340.0,-0.1064,-0.176108
MgZn2,0.666667,350.0,-0.1064,-0.176746
MgZn2,0.666667,360.0,-0.1064,-0.177402
MgZn2,0.666667,370.0,-0.1064,-0.178075
MgZn2,0.666667,380.0,-0.1064,-0.178765
MgZn2,0.666667,390.0,-0.1064,-0.179471
MgZn2,0.666667,400.0,-0.1064,-0.180192
MgZn2,0.666667,410.0,-0.1064,-0.180928
MgZn2,0.666667,420.0,-0.1064,-0.181678
MgZn2,0.666667,430.0,-0.1064,-0.182442
MgZn2,0.666667,440.0,-0.1064,-0.183219
MgZn2,0.666667,450.0,-0.1064,-0.184009
MgZn2,0.666667,460.0,-0.1064,-0.184811
MgZn2,0.666667,470.0,-0.1064,-0.185625
MgZn2,0.666667,480.0,-0.1064,-0.18645
MgZn2,0.666667,490.0,-0.1064,-0.187286
MgZn2,0.666667,500.0,-0.1064,-0.188132
MgZn2,0.666667,510.0,-0.1064,-0.188989
MgZn2,0.666667,520.0,-0.1064,-0.189856
MgZn2,0.666667,530.0,-0.1064,-0.190731
MgZn2,0.666667,540.0,-0.1064,-0.191616
MgZn2,0.666667,550.0,-0.1064,-0.19251
MgZn2,0.666667,560.0,-0.1064,-0.193412
MgZn2,0.666667,570.0,-0.1064,-0.194321
MgZn2,0.666667,580.0,-0.1064,-0.195239
MgZn2,0.666667,590.0,-0.1064,-0.196164
MgZn2,0.666667,600.0,-0.1064,-0.197097
MgZn2,0.666667,610.0,-0.1064,-0.198036
MgZn2,0.666667,620.0,-0.1064,-0.198983
MgZn2,0.666667,630.0,-0.1064,-0.199935
MgZn2,0.666667,640.0,-0.1064,-0.200894
MgZn2,0.666667,650.0,-0.1064,-0.201859
MgZn2,0.666667,660.0,-0.1064,-0.20283
MgZn2,0.666667,670.0,-0.1064,-0.203807
MgZn2,0.666667,680.0,-0.1064,-0.204788
MgZn2,0.666667,690.0,-0.1064,-0.205776
MgZn2,0.666667,700.0,-0.1064,-0.206768
MgZn2,0.666667,710.0,-0.1064,-0.207765
MgZn2,0.666667,720.0,-0.1064,-0.208767
MgZn2,0.666667,730.0,-0.1064,-0.209774
MgZn2,0.666667,740.0,-0.1064,-0.210785
MgZn2,0.666667,750.0,-0.1064,-0.2118
MgZn2,0.666667,760.0,-0.1064,-0.21282
MgZn2,0.666667,770.0,-0.1064,-0.213844
MgZn2,0.666667,780.0,-0.1064,-0.214871
MgZn2,0.666667,790.0,-0.1064,-0.215903
MgZn2,0.666667,800.0,-0.1064,-0.216938
MgZn2,0.666667,810.0,-0.1064,-0.217976
MgZn2,0.666667,820.0,-0.1064,-0.219018
MgZn2,0.666667,830.0,-0.1064,-0.220064
MgZn2,0.666667,840.0,-0.1064,-0.221112
MgZn2,0.666667,850.0,-0.1064,-0.222164
MgZn2,0.666667,860.0,-0.1064,-0.223219
MgZn2,0.666667,870.0,-0.1064,-0.224277
MgZn2,0.666667,880.0,-0.1064,-0.225338
MgZn2,0.666667,890.0,-0.1064,-0.226401
MgZn2,0.666667,900.0,-0.1064,-0.227468
MgZn2,0.666667,910.0,-0.1064,-0.228537
MgZn2,0.666667,920.0,-0.1064,-0.229608
MgZn2,0.666667,930.0,-0.1064,-0.230682
MgZn2,0.666667,940.0,-0.1064,-0.231759
MgZn2,0.666667,950.0,-0.1064,-0.232838
MgZn2,0.666667,960.0,-0.1064,-0.233919
MgZn2,0.666667,970.0,-0.1064,-0.235002
MgZn2,0.666667,980.0,-0.1064,-0.236088
MgZn2,0.666667,990.0,-0.1064,-0.237176
MgZn2,0.666667,1000.0,-0.1064,-0.238265
Mg4Zn7,0.636364,0.0,-0.1016,-0.15901
Mg4Zn7,0.636364,10.0,-0.1016,-0.15901
Mg4Zn7,0.636364,20.0,-0.1016,-0.15901
Mg4Zn7,0.636364,30.0,-0.1016,-0.159011
Mg4Zn7,0.636364,40.0,-0.1016,-0.159012
Mg4Zn7,0.636364,50.0,-0.1016,-0.159016
Mg4Zn7,0.636364,60.0,-0.1016,-0.159023
Mg4Zn7,0.636364,70.0,-0.1016,-0.159037
Mg4Zn7,0.636364,80.0,-0.1016,-0.159059
Mg4Zn7,0.636364,90.0,-0.1016,-0.159094
Mg4Zn7,0.636364,100.0,-0.1016,-0.159143
Mg4Zn7,0.636364,110.0,-0.1016,-0.159209
Mg4Zn7,0.636364,120.0,-0.1016,-0.159294
Mg4Zn7,0.636364,130.0,-0.1016,-0.1594
Mg4Zn7,0.636364,140.0,-0.1016,-0.159528
Mg4Zn7,0.636364,150.0,-0.1016,-0.15968
Mg4Zn7,0.636364,160.0,-0.1016,-0.159855
Mg4Zn7,0.636364,170.0,-0.1016,-0.160055
Mg4Zn7,0.636364,180.0,-0.1016,-0.160281
Mg4Zn7,0.636364,190.0,-0.1016,-0.160531
Mg4Zn7,0.636364,200.0,-0.1016,-0.160807
Mg4Zn7,0.636364,210.0,-0.1016,-0.161108
Mg4Zn7,0.636364,220.0,-0.1016,-0.161434
Mg4Zn7,0.636364,230.0,-0.1016,-0.161785
Mg4Zn7,0.636364,240.0,-0.1016,-0.16216
Mg4Zn7,0.636364,250.0,-0.1016,-0.162559
Mg4Zn7,0.636364,260.0,-0.1016,-0.16298
Mg4Zn7,0.636364,270.0,-0.1016,-0.163425
Mg4Zn7,0.636364,280.0,-0.1016,-0.163892
Mg4Zn7,0.636364,290.0,-0.1016,-0.16438
Mg4Zn7,0.636364,300.0,-0.1016,-0.164888
Mg4Zn7,0.636364,310.0,-0.1016,-0.165417
Mg4Zn7,0.636364,320.0,-0.1016,-0.165965
Mg4Zn7,0.636364,330.0,-0.1016,-0.166533
Mg4Zn7,0.636364,340.0,-0.1016,-0.167118
Mg4Zn7,0.636364,350.0,-0.1016,-0.167721
Mg4Zn7,0.636364,360.0,-0.1016,-0.168341
Mg4Zn7,0.636364,370.0,-0.1016,-0.168977
Mg4Zn7,0.636364,380.0,-0.1016,-0.169628
Mg4Zn7,0.636364,390.0,-0.1016,-0.170295
Mg4Zn7,0.636364,400.0,-0.1016,-0.170977
Mg4Zn7,0.636364,410.0,-0.1016,-0.171672
Mg4Zn7,0.636364,420.0,-0.1016,-0.172381
Mg4Zn7,0.636364,430.0,-0.1016,-0.173103
Mg4Zn7,0.636364,440.0,-0.1016,-0.173838
Mg4Zn7,0.636364,450.0,-0.1016,-0.174584
Mg4Zn7,0.636364,460.0,-0.1016,-0.175342
Mg4Zn7,0.636364,470.0,-0.1016,-0.176111
Mg4Zn7,0.636364,480.0,-0.1016,-0.176891
Mg4Zn7,0.636364,490.0,-0.1016,-0.177681
Mg4Zn7,0.636364,500.0,-0.1016,-0.178481
Mg4Zn7,0.636364,510.0,-0.1016,-0.179291
Mg4Zn7,0.636364,520.0,-0.1016,-0.18011
Mg4Zn7,0.636364,530.0,-0.1016,-0.180937
Mg4Zn7,0.636364,540.0,-0.1016,-0.181773
Mg4Zn7,0.636364,550.0,-0.1016,-0.182617
Mg4Zn7,0.636364,560.0,-0.1016,-0.18347
Mg4Zn7,0.636364,570.0,-0.1016,-0.184329
Mg4Zn7,0.636364,580.0,-0.1016,-0.185197
Mg4Zn7,0.636364,590.0,-0.1016,-0.186071
Mg4Zn7,0.636364,600.0,-0.1016,-0.186952
Mg4Zn7,0.636364,610.0,-0.1016,-0.187839
Mg4Zn7,0.636364,620.0,-0.1016,-0.188733
Mg4Zn7,0.636364,630.0,-0.1016,-0.189633
Mg4Zn7,0.636364,640.0,-0.1016,-0.190539
Mg4Zn7,0.636364,650.0,-0.1016,-0.19145
Mg4Zn7,0.636364,660.0,-0.1016,-0.192367
Mg4Zn7,0.636364,670.0,-0.1016,-0.19329
Mg4Zn7,0.636364,680.0,-0.1016,-0.194217
Mg4Zn7,0.636364,690.0,-0.1016,-0.19515
Mg4Zn7,0.636364,700.0,-0.1016,-0.196087
Mg4Zn7,0.636364,710.0,-0.1016,-0.197029
Mg4Zn7,0.636364,720.0,-0.1016,-0.197975
Mg4Zn7,0.636364,730.0,-0.1016,-0.198926
Mg4Zn7,0.636364,740.0,-0.1016,-0.19988
Mg4Zn7,0.636364,750.0,-0.1016,-0.200839
Mg4Zn7,0.636364,760.0,-0.1016,-0.201802
Mg4Zn7,0.636364,770.0,-0.1016,-0.202769
Mg4Zn7,0.636364,780.0,-0.1016,-0.203739
Mg4Zn7,0.636364,790.0,-0.1016,-0.204713
Mg4Zn7,0.636364,800.0,-0.1016,-0.20569
Mg4Zn7,0.636364,810.0,-0.1016,-0.206671
Mg4Zn7,0.636364,820.0,-0.1016,-0.207655
Mg4Zn7,0.636364,830.0,-0.1016,-0.208642
Mg4Zn7,0.636364,840.0,-0.1016,-0.209632
Mg4Zn7,0.636364,850.0,-0.1016,-0.210625
Mg4Zn7,0.636364,860.0,-0.1016,-0.211621
Mg4Zn7,0.636364,870.0,-0.1016,-0.212619
Mg4Zn7,0.636364,880.0,-0.1016,-0.213621
Mg4Zn7,0.636364,890.0,-0.1016,-0.214625
Mg4Zn7,0.636364,900.0,-0.1016,-0.215631
Mg4Zn7,0.636364,910.0,-0.1016,-0.21664
Mg4Zn7,0.636364,920.0,-0.1016,-0.217652
Mg4Zn7,0.636364,930.0,-0.1016,-0.218666
Mg4Zn7,0.636364,940.0,-0.1016,-0.219682
Mg4Zn7,0.636364,950.0,-0.1016,-0.2207
Mg4Zn7,0.636364,960.0,-0.1016,-0.221721
Mg4Zn7,0.636364,970.0,-0.1016,-0.222743
Mg4Zn7,0.636364,980.0,-0.1016,-0.223768
Mg4Zn7,0.636364,990.0,-0.1016,-0.224795
Mg4Zn7,0.636364,1000.0,-0.1016,-0.225823
Mg21Zn25,0.543478,0.0,-0.089,-0.13757
Mg21Zn25,0.543478,10.0,-0.089,-0.13757
Mg21Zn25,0.543478,20.0,-0.089,-0.13757
Mg21Zn25,0.543478,30.0,-0.089,-0.137571
Mg21Zn25,0.543478,40.0,-0.089,-0.137573
Mg21Zn25,0.543478,50.0,-0.089,-0.137576
Mg21Zn25,0.543478,60.0,-0.089,-0.137584
Mg21Zn25,0.543478,70.0,-0.089,-0.137597
Mg21Zn25,0.543478,80.0,-0.089,-0.137618
Mg21Zn25,0.543478,90.0,-0.089,-0.13765
Mg21Zn25,0.543478,100.0,-0.089,-0.137694
Mg21Zn25,0.543478,110.0,-0.089,-0.137754
Mg21Zn25,0.543478,120.0,-0.089,-0.13783
Mg21Zn25,0.543478,130.0,-0.089,-0.137924
Mg21Zn25,0.543478,140.0,-0.089,-0.138038
Mg21Zn25,0.543478,150.0,-0.089,-0.138172
Mg21Zn25,0.543478,160.0,-0.089,-0.138327
Mg21Zn25,0.543478,170.0,-0.089,-0.138504
Mg21Zn25,0.543478,180.0,-0.089,-0.138704
Mg21Zn25,0.543478,190.0,-0.089,-0.138925
Mg21Zn25,0.543478,200.0,-0.089,-0.139169
Mg21Zn25,0.543478,210.0,-0.089,-0.139435
Mg21Zn25,0.543478,220.0,-0.089,-0.139723
Mg21Zn25,0.543478,230.0,-0.089,-0.140033
Mg21Zn25,0.543478,240.0,-0.089,-0.140364
Mg21Zn25,0.543478,250.0,-0.089,-0.140715
Mg21Zn25,0.543478,260.0,-0.089,-0.141087
Mg21Zn25,0.543478,270.0,-0.089,-0.141479
Mg21Zn25,0.543478,280.0,-0.089,-0.141889
Mg21Zn25,0.543478,290.0,-0.089,-0.142318
Mg21Zn25,0.543478,300.0,-0.089,-0.142766
Mg21Zn25,0.543478,310.0,-0.089,-0.14323
Mg21Zn25,0.543478,320.0,-0.089,-0.143712
Mg21Zn25,0.543478,330.0,-0.089,-0.14421
Mg21Zn25,0.543478,340.0,-0.089,-0.144723
Mg21Zn25,0.543478,350.0,-0.089,-0.145251
Mg21Zn25,0.543478,360.0,-0.089,-0.145794
Mg21Zn25,0.543478,370.0,-0.089,-0.146351
Mg21Zn25,0.543478,380.0,-0.089,-0.146922
Mg21Zn25,0.543478,390.0,-0.089,-0.147505
Mg21Zn25,0.543478,400.0,-0.089,-0.148101
Mg21Zn25,0.543478,410.0,-0.089,-0.148708
Mg21Zn25,0.543478,420.0,-0.089,-0.149328
Mg21Zn25,0.543478,430.0,-0.089,-0.149958
Mg21Zn25,0.543478,440.0,-0.089,-0.150599
Mg21Zn25,0.543478,450.0,-0.089,-0.15125
Mg21Zn25,0.543478,460.0,-0.089,-0.151911
Mg21Zn25,0.543478,470.0,-0.089,-0.152581
Mg21Zn25,0.543478,480.0,-0.089,-0.15326
Mg21Zn25,0.543478,490.0,-0.089,-0.153948
Mg21Zn25,0.543478,500.0,-0.089,-0.154645
Mg21Zn25,0.543478,510.0,-0.089,-0.155349
Mg21Zn25,0.543478,520.0,-0.089,-0.156062
Mg21Zn25,0.543478,530.0,-0.089,-0.156782
Mg21Zn25,0.543478,540.0,-0.089,-0.157509
Mg21Zn25,0.543478,550.0,-0.089,-0.158242
Mg21Zn25,0.543478,560.0,-0.089,-0.158983
Mg21Zn25,0.543478,570.0,-0.089,-0.15973
Mg21Zn25,0.543478,580.0,-0.089,-0.160483
Mg21Zn25,0.543478,590.0,-0.089,-0.161242
Mg21Zn25,0.543478,600.0,-0.089,-0.162007
Mg21Zn25,0.543478,610.0,-0.089,-0.162777
Mg21Zn25,0.543478,620.0,-0.089,-0.163553
Mg21Zn25,0.543478,630.0,-0.089,-0.164333
Mg21Zn25,0.543478,640.0,-0.089,-0.165119
Mg21Zn25,0.543478,650.0,-0.089,-0.16591
Mg21Zn25,0.543478,660.0,-0.089,-0.166705
Mg21Zn25,0.543478,670.0,-0.089,-0.167504
Mg21Zn25,0.543478,680.0,-0.089,-0.168308
Mg21Zn25,0.543478,690.0,-0.089,-0.169116
Mg21Zn25,0.543478,700.0,-0.089,-0.169928
Mg21Zn25,0.543478,710.0,-0.089,-0.170744
Mg21Zn25,0.543478,720.0,-0.089,-0.171564
Mg21Zn25,0.543478,730.0,-0.089,-0.172387
Mg21Zn25,0.543478,740.0,-0.089,-0.173214
Mg21Zn25,0.543478,750.0,-0.089,-0.174044
Mg21Zn25,0.543478,760.0,-0.089,-0.174877
Mg21Zn25,0.543478,770.0,-0.089,-0.175714
Mg21Zn25,0.543478,780.0,-0.089,-0.176554
Mg21Zn25,0.543478,790.0,-0.089,-0.177396
Mg21Zn25,0.543478,800.0,-0.089,-0.178242
Mg21Zn25,0.543478,810.0,-0.089,-0.17909
Mg21Zn25,0.543478,820.0,-0.089,-0.179942
Mg21Zn25,0.543478,830.0,-0.089,-0.180795
Mg21Zn25,0.543478,840.0,-0.089,-0.181652
Mg21Zn25,0.543478,850.0,-0.089,-0.18251
Mg21Zn25,0.543478,860.0,-0.089,-0.183372
Mg21Zn25,0.543478,870.0,-0.089,-0.184235
Mg21Zn25,0.543478,880.0,-0.089,-0.185101
Mg21Zn25,0.543478,890.0,-0.089,-0.185969
Mg21Zn25,0.543478,900.0,-0.089,-0.186839
Mg21Zn25,0.543478,910.0,-0.089,-0.187711
Mg21Zn25,0.543478,920.0,-0.089,-0.188586
Mg21Zn25,0.543478,930.0,-0.089,-0.189462
Mg21Zn25,0.543478,940.0,-0.089,-0.19034
Mg21Zn25,0.543478,950.0,-0.089,-0.19122
Mg21Zn25,0.543478,960.0,-0.089,-0.192102
Mg21Zn25,0.543478,970.0,-0.089,-0.192985
Mg21Zn25,0.543478,980.0,-0.089,-0.19387
Mg21Zn25,0.543478,990.0,-0.089,-0.194757
Mg21Zn25,0.543478,1000.0,-0.089,-0.195646
Mg51Zn20,0.28169,0.0,-0.028,-0.050203
Mg51Zn20,0.28169,10.0,-0.028,-0.050203
Mg51Zn20,0.28169,20.0,-0.028,-0.050203
Mg51Zn20,0.28169,30.0,-0.028,-0.050204
Mg51Zn20,0.28169,40.0,-0.028,-0.050204
Mg51Zn20,0.28169,50.0,-0.028,-0.050206
Mg51Zn20,0.28169,60.0,-0.028,-0.05021
Mg51Zn20,0.28169,70.0,-0.028,-0.050217
Mg51Zn20,0.28169,80.0,-0.028,-0.050228
Mg51Zn20,0.28169,90.0,-0.028,-0.050246
Mg51Zn20,0.28169,100.0,-0.028,-0.050272
Mg51Zn20,0.28169,110.0,-0.028,-0.050307
Mg51Zn20,0.28169,120.0,-0.028,-0.050353
Mg51Zn20,0.28169,130.0,-0.028,-0.050411
Mg51Zn20,0.28169,140.0,-0.028,-0.050481
Mg51Zn20,0.28169,150.0,-0.028,-0.050563
Mg51Zn20,0.28169,160.0,-0.028,-0.05066
Mg51Zn20,0.28169,170.0,-0.028,-0.050769
Mg51Zn20,0.28169,180.0,-0.028,-0.050892
Mg51Zn20,0.28169,190.0,-0.028,-0.051029
Mg51Zn20,0.28169,200.0,-0.028,-0.051179
Mg51Zn20,0.28169,210.0,-0.028,-0.051342
Mg51Zn20,0.28169,220.0,-0.028,-0.051518
Mg51Zn20,0.28169,230.0,-0.028,-0.051707
Mg51Zn20,0.28169,240.0,-0.028,-0.051907
Mg51Zn20,0.28169,250.0,-0.028,-0.052119
Mg51Zn20,0.28169,260.0,-0.028,-0.052343
Mg51Zn20,0.28169,270.0,-0.028,-0.052577
Mg51Zn20,0.28169,280.0,-0.028,-0.052822
Mg51Zn20,0.28169,290.0,-0.028,-0.053076
Mg51Zn20,0.28169,300.0,-0.028,-0.053341
Mg51Zn20,0.28169,310.0,-0.028,-0.053614
Mg51Zn20,0.28169,320.0,-0.028,-0.053896
Mg51Zn20,0.28169,330.0,-0.028,-0.054186
Mg51Zn20,0.28169,340.0,-0.028,-0.054485
Mg51Zn20,0.28169,350.0,-0.028,-0.054791
Mg51Zn20,0.28169,360.0,-0.028,-0.055104
Mg51Zn20,0.28169,370.0,-0.028,-0.055424
Mg51Zn20,0.28169,380.0,-0.028,-0.055751
Mg51Zn20,0.28169,390.0,-0.028,-0.056084
Mg51Zn20,0.28169,400.0,-0.028,-0.056423
Mg51Zn20,0.28169,410.0,-0.028,-0.056768
Mg51Zn20,0.28169,420.0,-0.028,-0.057119
Mg51Zn20,0.28169,430.0,-0.028,-0.057475
Mg51Zn20,0.28169,440.0,-0.028,-0.057835
Mg51Zn20,0.28169,450.0,-0.028,-0.058201
Mg51Zn20,0.28169,460.0,-0.028,-0.058571
Mg51Zn20,0.28169,470.0,-0.028,-0.058946
Mg51Zn20,0.28169,480.0,-0.028,-0.059324
Mg51Zn20,0.28169,490.0,-0.028,-0.059707
Mg51Zn20,0.28169,500.0,-0.028,-0.060094
Mg51Zn20,0.28169,510.0,-0.028,-0.060484
Mg51Zn20,0.28169,520.0,-0.028,-0.060878
Mg51Zn20,0.28169,530.0,-0.028,-0.061275
Mg51Zn20,0.28169,540.0,-0.028,-0.061675
Mg51Zn20,0.28169,550.0,-0.028,-0.062079
Mg51Zn20,0.28169,560.0,-0.028,-0.062485
Mg51Zn20,0.28169,570.0,-0.028,-0.062894
Mg51Zn20,0.28169,580.0,-0.028,-0.063306
Mg51Zn20,0.28169,590.0,-0.028,-0.063721
Mg51Zn20,0.28169,600.0,-0.028,-0.064138
Mg51Zn20,0.28169,610.0,-0.028,-0.064558
Mg51Zn20,0.28169,620.0,-0.028,-0.06498
Mg51Zn20,0.28169,630.0,-0.028,-0.065404
Mg51Zn20,0.28169,640.0,-0.028,-0.065831
Mg51Zn20,0.28169,650.0,-0.028,-0.066259
Mg51Zn20,0.28169,660.0,-0.028,-0.066689
Mg51Zn20,0.28169,670.0,-0.028,-0.067122
Mg51Zn20,0.28169,680.0,-0.028,-0.067556
Mg51Zn20,0.28169,690.0,-0.028,-0.067992
Mg51Zn20,0.28169,700.0,-0.028,-0.06843
Mg51Zn20,0.28169,710.0,-0.028,-0.068869
Mg51Zn20,0.28169,720.0,-0.028,-0.06931
Mg51Zn20,0.28169,730.0,-0.028,-0.069753
Mg51Zn20,0.28169,740.0,-0.028,-0.070197
Mg51Zn20,0.28169,750.0,-0.028,-0.070642
Mg51Zn20,0.28169,760.0,-0.028,-0.071089
Mg51Zn20,0.28169,770.0,-0.028,-0.071538
Mg51Zn20,0.28169,780.0,-0.028,-0.071987
Mg51Zn20,0.28169,790.0,-0.028,-0.072438
Mg51Zn20,0.28169,800.0,-0.028,-0.07289
Mg51Zn20,0.28169,810.0,-0.028,-0.073343
Mg51Zn20,0.28169,820.0,-0.028,-0.073798
Mg51Zn20,0.28169,830.0,-0.028,-0.074253
Mg51Zn20,0.28169,840.0,-0.028,-0.07471
Mg51Zn20,0.28169,850.0,-0.028,-0.075167
Mg51Zn20,0.28169,860.0,-0.028,-0.075626
Mg51Zn20,0.28169,870.0,-0.028,-0.076086
Mg51Zn20,0.28169,880.0,-0.028,-0.076546
Mg51Zn20,0.28169,890.0,-0.028,-0.077008
Mg51Zn20,0.28169,900.0,-0.028,-0.07747
Mg51Zn20,0.28169,910.0,-0.028,-0.077933
Mg51Zn20,0.28169,920.0,-0.028,-0.078397
Mg51Zn20,0.28169,930.0,-0.028,-0.078862
Mg51Zn20,0.28169,940.0,-0.028,-0.079328
Mg51Zn20,0.28169,950.0,-0.028,-0.079794
Mg51Zn20,0.28169,960.0,-0.028,-0.080261
Mg51Zn20,0.28169,970.0,-0.028,-0.080729
Mg51Zn20,0.28169,980.0,-0.028,-0.081198
Mg51Zn20,0.28169,990.0,-0.028,-0.081667
Mg51Zn20,0.28169,1000.0,-0.028,-0.082137
Mg2Zn11,0.846154,0.0,-0.0119,-0.095202
Mg2Zn11,0.846154,10.0,-0.0119,-0.095202
Mg2Zn11,0.846154,20.0,-0.0119,-0.095202
Mg2Zn11,0.846154,30.0,-0.0119,-0.095205
Mg2Zn11,0.846154,40.0,-0.0119,-0.095212
Mg2Zn11,0.846154,50.0,-0.0119,-0.09523
Mg2Zn11,0.846154,60.0,-0.0119,-0.095261
Mg2Zn11,0.846154,70.0,-0.0119,-0.09531
Mg2Zn11,0.846154,80.0,-0.0119,-0.09538
Mg2Zn11,0.846154,90.0,-0.0119,-0.095475
Mg2Zn11,0.846154,100.0,-0.0119,-0.095598
Mg2Zn11,0.846154,110.0,-0.0119,-0.09575
Mg2Zn11,0.846154,120.0,-0.0119,-0.095935
Mg2Zn11,0.846154,130.0,-0.0119,-0.096153
Mg2Zn11,0.846154,140.0,-0.0119,-0.096407
Mg2Zn11,0.846154,150.0,-0.0119,-0.096698
Mg2Zn11,0.846154,160.0,-0.0119,-0.097026
Mg2Zn11,0.846154,170.0,-0.0119,-0.097393
Mg2Zn11,0.846154,180.0,-0.0119,-0.097797
Mg2Zn11,0.846154,190.0,-0.0119,-0.098241
Mg2Zn11,0.846154,200.0,-0.0119,-0.098722
Mg2Zn11,0.846154,210.0,-0.0119,-0.099242
Mg2Zn11,0.846154,220.0,-0.0119,-0.099799
Mg2Zn11,0.846154,230.0,-0.0119,-0.100392
Mg2Zn11,0.846154,240.0,-0.0119,-0.101022
Mg2Zn11,0.846154,250.0,-0.0119,-0.101687
Mg2Zn11,0.846154,260.0,-0.0119,-0.102387
Mg2Zn11,0.846154,270.0,-0.0119,-0.10312
Mg2Zn11,0.846154,280.0,-0.0119,-0.103886
Mg2Zn11,0.846154,290.0,-0.0119,-0.104683
Mg2Zn11,0.846154,300.0,-0.0119,-0.105511
Mg2Zn11,0.846154,310.0,-0.0119,-0.106368
Mg2Zn11,0.846154,320.0,-0.0119,-0.107254
Mg2Zn11,0.846154,330.0,-0.0119,-0.108167
Mg2Zn11,0.846154,340.0,-0.0119,-0.109107
Mg2Zn11,0.846154,350.0,-0.0119,-0.110073
Mg2Zn11,0.846154,360.0,-0.0119,-0.111063
Mg2Zn11,0.846154,370.0,-0.0119,-0.112077
Mg2Zn11,0.846154,380.0,-0.0119,-0.113114
Mg2Zn11,0.846154,390.0,-0.0119,-0.114172
Mg2Zn11,0.846154,400.0,-0.0119,-0.115252
Mg2Zn11,0.846154,410.0,-0.0119,-0.116352
Mg2Zn11,0.846154,420.0,-0.0119,-0.117472
Mg2Zn11,0.846154,430.0,-0.0119,-0.118611
Mg2Zn11,0.846154,440.0,-0.0119,-0.119767
Mg2Zn11,0.846154,450.0,-0.0119,-0.120941
Mg2Zn11,0.846154,460.0,-0.0119,-0.122132
Mg2Zn11,0.846154,470.0,-0.0119,-0.123339
Mg2Zn11,0.846154,480.0,-0.0119,-0.124561
Mg2Zn11,0.846154,490.0,-0.0119,-0.125798
Mg2Zn11,0.846154,500.0,-0.0119,-0.127049
Mg2Zn11,0.846154,510.0,-0.0119,-0.128314
Mg2Zn11,0.846154,520.0,-0.0119,-0.129592
Mg2Zn11,0.846154,530.0,-0.0119,-0.130883
Mg2Zn11,0.846154,540.0,-0.0119,-0.132186
Mg2Zn11,0.846154,550.0,-0.0119,-0.133501
Mg2Zn11,0.846154,560.0,-0.0119,-0.134827
Mg2Zn11,0.846154,570.0,-0.0119,-0.136164
Mg2Zn11,0.846154,580.0,-0.0119,-0.137512
Mg2Zn11,0.846154,590.0,-0.0119,-0.138869
Mg2Zn11,0.846154,600.0,-0.0119,-0.140237
Mg2Zn11,0.846154,610.0,-0.0119,-0.141614
Mg2Zn11,0.846154,620.0,-0.0119,-0.143
Mg2Zn11,0.846154,630.0,-0.0119,-0.144394
Mg2Zn11,0.846154,640.0,-0.0119,-0.145798
Mg2Zn11,0.846154,650.0,-0.0119,-0.147209
Mg2Zn11,0.846154,660.0,-0.0119,-0.148628
Mg2Zn11,0.846154,670.0,-0.0119,-0.150055
Mg2Zn11,0.846154,680.0,-0.0119,-0.151489
Mg2Zn11,0.846154,690.0,-0.0119,-0.15293
Mg2Zn11,0.846154,700.0,-0.0119,-0.154378
Mg2Zn11,0.846154,710.0,-0.0119,-0.155833
Mg2Zn11,0.846154,720.0,-0.0119,-0.157294
Mg2Zn11,0.846154,730.0,-0.0119,-0.158761
Mg2Zn11,0.846154,740.0,-0.0119,-0.160234
Mg2Zn11,0.846154,750.0,-0.0119,-0.161713
Mg2Zn11,0.846154,760.0,-0.0119,-0.163198
Mg2Zn11,0.846154,770.0,-0.0119,-0.164688
Mg2Zn11,0.846154,780.0,-0.0119,-0.166183
Mg2Zn11,0.846154,790.0,-0.0119,-0.167684
Mg2Zn11,0.846154,800.0,-0.0119,-0.169189
Mg2Zn11,0.846154,810.0,-0.0119,-0.170699
Mg2Zn11,0.846154,820.0,-0.0119,-0.172214
Mg2Zn11,0.846154,830.0,-0.0119,-0.173733
Mg2Zn11,0.846154,840.0,-0.0119,-0.175257
Mg2Zn11,0.846154,850.0,-0.0119,-0.176784
Mg2Zn11,0.846154,860.0,-0.0119,-0.178316
Mg2Zn11,0.846154,870.0,-0.0119,-0.179852
Mg2Zn11,0.846154,880.0,-0.0119,-0.181392
Mg2Zn11,0.846154,890.0,-0.0119,-0.182936
Mg2Zn11,0.846154,900.0,-0.0119,-0.184483
Mg2Zn11,0.846154,910.0,-0.0119,-0.186033
Mg2Zn11,0.846154,920.0,-0.0119,-0.187588
Mg2Zn11,0.846154,930.0,-0.0119,-0.189145
Mg2Zn11,0.846154,940.0,-0.0119,-0.190706
Mg2Zn11,0.846154,950.0,-0.0119,-0.19227
Mg2Zn11,0.846154,960.0,-0.0119,-0.193837
Mg2Zn11,0.846154,970.0,-0.0119,-0.195407
Mg2Zn11,0.846154,980.0,-0.0119,-0.19698
Mg2Zn11,0.846154,990.0,-0.0119,-0.198555
Mg2Zn11,0.846154,1000.0,-0.0119,-0.200134
